-- Create Agents Table
CREATE TABLE Agents (
    id INT PRIMARY KEY,
    name VARCHAR(255),
    contact_info VARCHAR(255)
);

-- Create Houses Table
CREATE TABLE Houses (
    id INT PRIMARY KEY,
    address VARCHAR(255),
    price DECIMAL,
    description TEXT,
    number_of_bedrooms INT,
    number_of_bathrooms INT,
    square_footage INT,
    agent_id INT,
    FOREIGN KEY (agent_id) REFERENCES Agents(id)
);

-- Create Clients Table
CREATE TABLE Clients (
    id INT PRIMARY KEY,
    name VARCHAR(255),
    contact_info VARCHAR(255),
    preferred_location VARCHAR(255),
    budget DECIMAL
);

-- Seed data for Agents
INSERT INTO Agents (id, name, contact_info) VALUES 
(1, 'Agent 1', 'agent1@realestate.com'),
(2, 'Agent 2', 'agent2@realestate.com'),
(3, 'Agent 3', 'agent3@realestate.com'),
(4, 'Agent 4', 'agent4@realestate.com'),
(5, 'Agent 5', 'agent5@realestate.com');

-- Seed data for Houses
INSERT INTO Houses (id, address, price, description, number_of_bedrooms, number_of_bathrooms, square_footage, agent_id) VALUES 
(1, '100 Main Street', 255000, 'House 1, a remarkable Colonial residence, stands out with its unique charm and elegance. Featuring a swimming pool, this home is perfect for those who enjoy luxury and comfort. Situated in a vibrant community, it offers both convenience and tranquility. The interior is tastefully designed with attention to detail, offering a harmonious blend of style and functionality.', 4, 3, 2050, 2),
(2, '200 Main Street', 260000, 'House 2, a remarkable Victorian residence, stands out with its unique charm and elegance. Featuring a private garden, this home is perfect for those who enjoy luxury and comfort. Situated close to downtown, it offers both convenience and tranquility. The interior is tastefully designed with attention to detail, offering a harmonious blend of style and functionality.', 5, 2, 2100, 3),
(3, '300 Main Street', 265000, 'House 3, a remarkable Victorian residence, stands out with its unique charm and elegance. Featuring a rooftop terrace, this home is perfect for those who enjoy luxury and comfort. Situated in a vibrant community, it offers both convenience and tranquility. The interior is tastefully designed with attention to detail, offering a harmonious blend of style and functionality.', 3, 3, 2150, 4),
(4, '400 Main Street', 270000, 'House 4, a remarkable Victorian residence, stands out with its unique charm and elegance. Featuring an outdoor kitchen, this home is perfect for those who enjoy luxury and comfort. Situated near top-rated schools, it offers both convenience and tranquility. The interior is tastefully designed with attention to detail, offering a harmonious blend of style and functionality.', 4, 2, 2200, 5),
(5, '500 Main Street', 275000, 'House 5, a remarkable Mediterranean residence, stands out with its unique charm and elegance. Featuring a swimming pool, this home is perfect for those who enjoy luxury and comfort. Situated with easy access to public transportation, it offers both convenience and tranquility. The interior is tastefully designed with attention to detail, offering a harmonious blend of style and functionality.', 5, 3, 2250, 1),
(6, '600 Main Street', 280000, 'House 6, a remarkable Victorian residence, stands out with its unique charm and elegance. Featuring a home theater, this home is perfect for those who enjoy luxury and comfort. Situated near top-rated schools, it offers both convenience and tranquility. The interior is tastefully designed with attention to detail, offering a harmonious blend of style and functionality.', 3, 2, 2300, 2),
(7, '700 Main Street', 285000, 'House 7, a remarkable Mediterranean residence, stands out with its unique charm and elegance. Featuring a rooftop terrace, this home is perfect for those who enjoy luxury and comfort. Situated in a peaceful suburban area, it offers both convenience and tranquility. The interior is tastefully designed with attention to detail, offering a harmonious blend of style and functionality.', 4, 3, 2350, 3),
(8, '800 Main Street', 290000, 'House 8, a remarkable Victorian residence, stands out with its unique charm and elegance. Featuring a private garden, this home is perfect for those who enjoy luxury and comfort. Situated with easy access to public transportation, it offers both convenience and tranquility. The interior is tastefully designed with attention to detail, offering a harmonious blend of style and functionality.', 5, 2, 2400, 4),
(9, '900 Main Street', 295000, 'House 9, a remarkable Mediterranean residence, stands out with its unique charm and elegance. Featuring a private garden, this home is perfect for those who enjoy luxury and comfort. Situated in a vibrant community, it offers both convenience and tranquility. The interior is tastefully designed with attention to detail, offering a harmonious blend of style and functionality.', 3, 3, 2450, 5),
(10, '1000 Main Street', 300000, 'House 10, a remarkable Modern residence, stands out with its unique charm and elegance. Featuring a private garden, this home is perfect for those who enjoy luxury and comfort. Situated near top-rated schools, it offers both convenience and tranquility. The interior is tastefully designed with attention to detail, offering a harmonious blend of style and functionality.', 4, 2, 2500, 1),
(11, '1100 Main Street', 305000, 'House 11, a remarkable Modern residence, stands out with its unique charm and elegance. Featuring a private garden, this home is perfect for those who enjoy luxury and comfort. Situated near top-rated schools, it offers both convenience and tranquility. The interior is tastefully designed with attention to detail, offering a harmonious blend of style and functionality.', 5, 3, 2550, 2),
(12, '1200 Main Street', 310000, 'House 12, a remarkable Modern residence, stands out with its unique charm and elegance. Featuring a private garden, this home is perfect for those who enjoy luxury and comfort. Situated with easy access to public transportation, it offers both convenience and tranquility. The interior is tastefully designed with attention to detail, offering a harmonious blend of style and functionality.', 3, 2, 2600, 3),
(13, '1300 Main Street', 315000, 'House 13, a remarkable Victorian residence, stands out with its unique charm and elegance. Featuring an outdoor kitchen, this home is perfect for those who enjoy luxury and comfort. Situated close to downtown, it offers both convenience and tranquility. The interior is tastefully designed with attention to detail, offering a harmonious blend of style and functionality.', 4, 3, 2650, 4),
(14, '1400 Main Street', 320000, 'House 14, a remarkable Craftsman residence, stands out with its unique charm and elegance. Featuring a private garden, this home is perfect for those who enjoy luxury and comfort. Situated close to downtown, it offers both convenience and tranquility. The interior is tastefully designed with attention to detail, offering a harmonious blend of style and functionality.', 5, 2, 2700, 5),
(15, '1500 Main Street', 325000, 'House 15, a remarkable Victorian residence, stands out with its unique charm and elegance. Featuring a private garden, this home is perfect for those who enjoy luxury and comfort. Situated in a vibrant community, it offers both convenience and tranquility. The interior is tastefully designed with attention to detail, offering a harmonious blend of style and functionality.', 3, 3, 2750, 1),
(16, '1600 Main Street', 330000, 'House 16, a remarkable Modern residence, stands out with its unique charm and elegance. Featuring a swimming pool, this home is perfect for those who enjoy luxury and comfort. Situated in a vibrant community, it offers both convenience and tranquility. The interior is tastefully designed with attention to detail, offering a harmonious blend of style and functionality.', 4, 2, 2800, 2),
(17, '1700 Main Street', 335000, 'House 17, a remarkable Victorian residence, stands out with its unique charm and elegance. Featuring an outdoor kitchen, this home is perfect for those who enjoy luxury and comfort. Situated near top-rated schools, it offers both convenience and tranquility. The interior is tastefully designed with attention to detail, offering a harmonious blend of style and functionality.', 5, 3, 2850, 3),
(18, '1800 Main Street', 340000, 'House 18, a remarkable Mediterranean residence, stands out with its unique charm and elegance. Featuring an outdoor kitchen, this home is perfect for those who enjoy luxury and comfort. Situated near top-rated schools, it offers both convenience and tranquility. The interior is tastefully designed with attention to detail, offering a harmonious blend of style and functionality.', 3, 2, 2900, 4),
(19, '1900 Main Street', 345000, 'House 19, a remarkable Mediterranean residence, stands out with its unique charm and elegance. Featuring an outdoor kitchen, this home is perfect for those who enjoy luxury and comfort. Situated in a peaceful suburban area, it offers both convenience and tranquility. The interior is tastefully designed with attention to detail, offering a harmonious blend of style and functionality.', 4, 3, 2950, 5),
(20, '2000 Main Street', 350000, 'House 20, a remarkable Craftsman residence, stands out with its unique charm and elegance. Featuring a home theater, this home is perfect for those who enjoy luxury and comfort. Situated in a peaceful suburban area, it offers both convenience and tranquility. The interior is tastefully designed with attention to detail, offering a harmonious blend of style and functionality.', 5, 2, 3000, 1),
(21, '2100 Main Street', 355000, 'House 21, a remarkable Colonial residence, stands out with its unique charm and elegance. Featuring a rooftop terrace, this home is perfect for those who enjoy luxury and comfort. Situated with easy access to public transportation, it offers both convenience and tranquility. The interior is tastefully designed with attention to detail, offering a harmonious blend of style and functionality.', 3, 3, 3050, 2),
(22, '2200 Main Street', 360000, 'House 22, a remarkable Modern residence, stands out with its unique charm and elegance. Featuring a rooftop terrace, this home is perfect for those who enjoy luxury and comfort. Situated with easy access to public transportation, it offers both convenience and tranquility. The interior is tastefully designed with attention to detail, offering a harmonious blend of style and functionality.', 4, 2, 3100, 3),
(23, '2300 Main Street', 365000, 'House 23, a remarkable Mediterranean residence, stands out with its unique charm and elegance. Featuring an outdoor kitchen, this home is perfect for those who enjoy luxury and comfort. Situated with easy access to public transportation, it offers both convenience and tranquility. The interior is tastefully designed with attention to detail, offering a harmonious blend of style and functionality.', 5, 3, 3150, 4),
(24, '2400 Main Street', 370000, 'House 24, a remarkable Craftsman residence, stands out with its unique charm and elegance. Featuring a home theater, this home is perfect for those who enjoy luxury and comfort. Situated in a vibrant community, it offers both convenience and tranquility. The interior is tastefully designed with attention to detail, offering a harmonious blend of style and functionality.', 3, 2, 3200, 5),
(25, '2500 Main Street', 375000, 'House 25, a remarkable Mediterranean residence, stands out with its unique charm and elegance. Featuring a private garden, this home is perfect for those who enjoy luxury and comfort. Situated near top-rated schools, it offers both convenience and tranquility. The interior is tastefully designed with attention to detail, offering a harmonious blend of style and functionality.', 4, 3, 3250, 1),
(26, '2600 Main Street', 380000, 'House 26, a remarkable Colonial residence, stands out with its unique charm and elegance. Featuring an outdoor kitchen, this home is perfect for those who enjoy luxury and comfort. Situated in a peaceful suburban area, it offers both convenience and tranquility. The interior is tastefully designed with attention to detail, offering a harmonious blend of style and functionality.', 5, 2, 3300, 2),
(27, '2700 Main Street', 385000, 'House 27, a remarkable Victorian residence, stands out with its unique charm and elegance. Featuring a rooftop terrace, this home is perfect for those who enjoy luxury and comfort. Situated close to downtown, it offers both convenience and tranquility. The interior is tastefully designed with attention to detail, offering a harmonious blend of style and functionality.', 3, 3, 3350, 3),
(28, '2800 Main Street', 390000, 'House 28, a remarkable Colonial residence, stands out with its unique charm and elegance. Featuring a swimming pool, this home is perfect for those who enjoy luxury and comfort. Situated near top-rated schools, it offers both convenience and tranquility. The interior is tastefully designed with attention to detail, offering a harmonious blend of style and functionality.', 4, 2, 3400, 4),
(29, '2900 Main Street', 395000, 'House 29, a remarkable Victorian residence, stands out with its unique charm and elegance. Featuring a swimming pool, this home is perfect for those who enjoy luxury and comfort. Situated close to downtown, it offers both convenience and tranquility. The interior is tastefully designed with attention to detail, offering a harmonious blend of style and functionality.', 5, 3, 3450, 5),
(30, '3000 Main Street', 400000, 'House 30, a remarkable Modern residence, stands out with its unique charm and elegance. Featuring a private garden, this home is perfect for those who enjoy luxury and comfort. Situated in a vibrant community, it offers both convenience and tranquility. The interior is tastefully designed with attention to detail, offering a harmonious blend of style and functionality.', 3, 2, 3500, 1),
(31, '3100 Main Street', 405000, 'House 31, a remarkable Colonial residence, stands out with its unique charm and elegance. Featuring a private garden, this home is perfect for those who enjoy luxury and comfort. Situated in a peaceful suburban area, it offers both convenience and tranquility. The interior is tastefully designed with attention to detail, offering a harmonious blend of style and functionality.', 4, 3, 3550, 2),
(32, '3200 Main Street', 410000, 'House 32, a remarkable Modern residence, stands out with its unique charm and elegance. Featuring a rooftop terrace, this home is perfect for those who enjoy luxury and comfort. Situated near top-rated schools, it offers both convenience and tranquility. The interior is tastefully designed with attention to detail, offering a harmonious blend of style and functionality.', 5, 2, 3600, 3),
(33, '3300 Main Street', 415000, 'House 33, a remarkable Colonial residence, stands out with its unique charm and elegance. Featuring a rooftop terrace, this home is perfect for those who enjoy luxury and comfort. Situated in a peaceful suburban area, it offers both convenience and tranquility. The interior is tastefully designed with attention to detail, offering a harmonious blend of style and functionality.', 3, 3, 3650, 4),
(34, '3400 Main Street', 420000, 'House 34, a remarkable Victorian residence, stands out with its unique charm and elegance. Featuring an outdoor kitchen, this home is perfect for those who enjoy luxury and comfort. Situated close to downtown, it offers both convenience and tranquility. The interior is tastefully designed with attention to detail, offering a harmonious blend of style and functionality.', 4, 2, 3700, 5),
(35, '3500 Main Street', 425000, 'House 35, a remarkable Mediterranean residence, stands out with its unique charm and elegance. Featuring an outdoor kitchen, this home is perfect for those who enjoy luxury and comfort. Situated close to downtown, it offers both convenience and tranquility. The interior is tastefully designed with attention to detail, offering a harmonious blend of style and functionality.', 5, 3, 3750, 1),
(36, '3600 Main Street', 430000, 'House 36, a remarkable Modern residence, stands out with its unique charm and elegance. Featuring a home theater, this home is perfect for those who enjoy luxury and comfort. Situated with easy access to public transportation, it offers both convenience and tranquility. The interior is tastefully designed with attention to detail, offering a harmonious blend of style and functionality.', 3, 2, 3800, 2),
(37, '3700 Main Street', 435000, 'House 37, a remarkable Colonial residence, stands out with its unique charm and elegance. Featuring a home theater, this home is perfect for those who enjoy luxury and comfort. Situated near top-rated schools, it offers both convenience and tranquility. The interior is tastefully designed with attention to detail, offering a harmonious blend of style and functionality.', 4, 3, 3850, 3),
(38, '3800 Main Street', 440000, 'House 38, a remarkable Modern residence, stands out with its unique charm and elegance. Featuring a home theater, this home is perfect for those who enjoy luxury and comfort. Situated in a vibrant community, it offers both convenience and tranquility. The interior is tastefully designed with attention to detail, offering a harmonious blend of style and functionality.', 5, 2, 3900, 4),
(39, '3900 Main Street', 445000, 'House 39, a remarkable Victorian residence, stands out with its unique charm and elegance. Featuring an outdoor kitchen, this home is perfect for those who enjoy luxury and comfort. Situated near top-rated schools, it offers both convenience and tranquility. The interior is tastefully designed with attention to detail, offering a harmonious blend of style and functionality.', 3, 3, 3950, 5),
(40, '4000 Main Street', 450000, 'House 40, a remarkable Craftsman residence, stands out with its unique charm and elegance. Featuring a rooftop terrace, this home is perfect for those who enjoy luxury and comfort. Situated with easy access to public transportation, it offers both convenience and tranquility. The interior is tastefully designed with attention to detail, offering a harmonious blend of style and functionality.', 4, 2, 4000, 1),
(41, '4100 Main Street', 455000, 'House 41, a remarkable Mediterranean residence, stands out with its unique charm and elegance. Featuring a swimming pool, this home is perfect for those who enjoy luxury and comfort. Situated with easy access to public transportation, it offers both convenience and tranquility. The interior is tastefully designed with attention to detail, offering a harmonious blend of style and functionality.', 5, 3, 4050, 2),
(42, '4200 Main Street', 460000, 'House 42, a remarkable Modern residence, stands out with its unique charm and elegance. Featuring a private garden, this home is perfect for those who enjoy luxury and comfort. Situated close to downtown, it offers both convenience and tranquility. The interior is tastefully designed with attention to detail, offering a harmonious blend of style and functionality.', 3, 2, 4100, 3),
(43, '4300 Main Street', 465000, 'House 43, a remarkable Craftsman residence, stands out with its unique charm and elegance. Featuring a private garden, this home is perfect for those who enjoy luxury and comfort. Situated near top-rated schools, it offers both convenience and tranquility. The interior is tastefully designed with attention to detail, offering a harmonious blend of style and functionality.', 4, 3, 4150, 4),
(44, '4400 Main Street', 470000, 'House 44, a remarkable Modern residence, stands out with its unique charm and elegance. Featuring a home theater, this home is perfect for those who enjoy luxury and comfort. Situated with easy access to public transportation, it offers both convenience and tranquility. The interior is tastefully designed with attention to detail, offering a harmonious blend of style and functionality.', 5, 2, 4200, 5),
(45, '4500 Main Street', 475000, 'House 45, a remarkable Modern residence, stands out with its unique charm and elegance. Featuring a private garden, this home is perfect for those who enjoy luxury and comfort. Situated near top-rated schools, it offers both convenience and tranquility. The interior is tastefully designed with attention to detail, offering a harmonious blend of style and functionality.', 3, 3, 4250, 1),
(46, '4600 Main Street', 480000, 'House 46, a remarkable Colonial residence, stands out with its unique charm and elegance. Featuring an outdoor kitchen, this home is perfect for those who enjoy luxury and comfort. Situated in a vibrant community, it offers both convenience and tranquility. The interior is tastefully designed with attention to detail, offering a harmonious blend of style and functionality.', 4, 2, 4300, 2),
(47, '4700 Main Street', 485000, 'House 47, a remarkable Mediterranean residence, stands out with its unique charm and elegance. Featuring an outdoor kitchen, this home is perfect for those who enjoy luxury and comfort. Situated close to downtown, it offers both convenience and tranquility. The interior is tastefully designed with attention to detail, offering a harmonious blend of style and functionality.', 5, 3, 4350, 3),
(48, '4800 Main Street', 490000, 'House 48, a remarkable Craftsman residence, stands out with its unique charm and elegance. Featuring a private garden, this home is perfect for those who enjoy luxury and comfort. Situated in a peaceful suburban area, it offers both convenience and tranquility. The interior is tastefully designed with attention to detail, offering a harmonious blend of style and functionality.', 3, 2, 4400, 4),
(49, '4900 Main Street', 495000, 'House 49, a remarkable Victorian residence, stands out with its unique charm and elegance. Featuring an outdoor kitchen, this home is perfect for those who enjoy luxury and comfort. Situated in a vibrant community, it offers both convenience and tranquility. The interior is tastefully designed with attention to detail, offering a harmonious blend of style and functionality.', 4, 3, 4450, 5),
(50, '5000 Main Street', 500000, 'House 50, a remarkable Modern residence, stands out with its unique charm and elegance. Featuring a home theater, this home is perfect for those who enjoy luxury and comfort. Situated in a vibrant community, it offers both convenience and tranquility. The interior is tastefully designed with attention to detail, offering a harmonious blend of style and functionality.', 5, 2, 4500, 1);

-- Seed data for Clients
INSERT INTO Clients (id, name, contact_info, preferred_location, budget) VALUES 
(1, 'Client 1', 'client1@mail.com', 'Suburb', 310000),
(2, 'Client 2', 'client2@mail.com', 'Downtown', 320000),
(3, 'Client 3', 'client3@mail.com', 'Suburb', 330000),
(4, 'Client 4', 'client4@mail.com', 'Downtown', 340000),
(5, 'Client 5', 'client5@mail.com', 'Suburb', 350000),
(6, 'Client 6', 'client6@mail.com', 'Downtown', 360000),
(7, 'Client 7', 'client7@mail.com', 'Suburb', 370000),
(8, 'Client 8', 'client8@mail.com', 'Downtown', 380000),
(9, 'Client 9', 'client9@mail.com', 'Suburb', 390000),
(10, 'Client 10', 'client10@mail.com', 'Downtown', 400000),
(11, 'Client 11', 'client11@mail.com', 'Suburb', 410000),
(12, 'Client 12', 'client12@mail.com', 'Downtown', 420000),
(13, 'Client 13', 'client13@mail.com', 'Suburb', 430000),
(14, 'Client 14', 'client14@mail.com', 'Downtown', 440000),
(15, 'Client 15', 'client15@mail.com', 'Suburb', 450000),
(16, 'Client 16', 'client16@mail.com', 'Downtown', 460000),
(17, 'Client 17', 'client17@mail.com', 'Suburb', 470000),
(18, 'Client 18', 'client18@mail.com', 'Downtown', 480000),
(19, 'Client 19', 'client19@mail.com', 'Suburb', 490000),
(20, 'Client 20', 'client20@mail.com', 'Downtown', 500000),
(21, 'Client 21', 'client21@mail.com', 'Suburb', 510000),
(22, 'Client 22', 'client22@mail.com', 'Downtown', 520000),
(23, 'Client 23', 'client23@mail.com', 'Suburb', 530000),
(24, 'Client 24', 'client24@mail.com', 'Downtown', 540000),
(25, 'Client 25', 'client25@mail.com', 'Suburb', 550000),
(26, 'Client 26', 'client26@mail.com', 'Downtown', 560000),
(27, 'Client 27', 'client27@mail.com', 'Suburb', 570000),
(28, 'Client 28', 'client28@mail.com', 'Downtown', 580000),
(29, 'Client 29', 'client29@mail.com', 'Suburb', 590000),
(30, 'Client 30', 'client30@mail.com', 'Downtown', 600000),
(31, 'Client 31', 'client31@mail.com', 'Suburb', 610000),
(32, 'Client 32', 'client32@mail.com', 'Downtown', 620000),
(33, 'Client 33', 'client33@mail.com', 'Suburb', 630000),
(34, 'Client 34', 'client34@mail.com', 'Downtown', 640000),
(35, 'Client 35', 'client35@mail.com', 'Suburb', 650000),
(36, 'Client 36', 'client36@mail.com', 'Downtown', 660000),
(37, 'Client 37', 'client37@mail.com', 'Suburb', 670000),
(38, 'Client 38', 'client38@mail.com', 'Downtown', 680000),
(39, 'Client 39', 'client39@mail.com', 'Suburb', 690000),
(40, 'Client 40', 'client40@mail.com', 'Downtown', 700000),
(41, 'Client 41', 'client41@mail.com', 'Suburb', 710000),
(42, 'Client 42', 'client42@mail.com', 'Downtown', 720000),
(43, 'Client 43', 'client43@mail.com', 'Suburb', 730000),
(44, 'Client 44', 'client44@mail.com', 'Downtown', 740000),
(45, 'Client 45', 'client45@mail.com', 'Suburb', 750000),
(46, 'Client 46', 'client46@mail.com', 'Downtown', 760000),
(47, 'Client 47', 'client47@mail.com', 'Suburb', 770000),
(48, 'Client 48', 'client48@mail.com', 'Downtown', 780000),
(49, 'Client 49', 'client49@mail.com', 'Suburb', 790000),
(50, 'Client 50', 'client50@mail.com', 'Downtown', 800000);
